series_code,label,candidate_id,model_family,model_name,order,seasonal_order,AIC,BIC,MAE,RMSE,sMAPE_pct,status,fit_warning
LPMAUYN,M4 / monetary aggregate,"sarima_(1, 1, 1)_(0, 1, 1, 12)",SARIMA,"SARIMA(1, 1, 1)×(0, 1, 1, 12)","(1, 1, 1)","(0, 1, 1, 12)",994.1679597004363,999.2003458525222,14505.248802392549,18135.07083250665,0.44972117189447264,success,
LPMAUYN,M4 / monetary aggregate,drift,Drift,Drift,,,,,27810.47574329225,34223.486396372,0.8625541169536165,success,
LPMAUYN,M4 / monetary aggregate,ets_seasonal,ETS seasonal,Seasonal ETS (m=12),,,-518.267487454359,-484.77252492397287,62496.2692949241,73068.4396206389,1.9541234827304084,success,
LPMAUYN,M4 / monetary aggregate,"sarima_(0, 1, 1)_(0, 0, 1, 12)",SARIMA,"SARIMA(0, 1, 1)×(0, 0, 1, 12)","(0, 1, 1)","(0, 0, 1, 12)",-264.6941744508046,-259.78141597162545,67876.41179447726,78994.28052785926,2.1245692552858366,success,Maximum Likelihood optimization failed to converge. Check mle_retvals
LPMAUYN,M4 / monetary aggregate,holt_damped,Holt,Holt damped trend,,,-533.2123920034733,-523.3609324357127,68521.3526705476,79768.05784119683,2.1450466192562057,success,
LPMAUYN,M4 / monetary aggregate,"sarima_(1, 1, 0)_(0, 0, 0, 0)",SARIMA,"SARIMA(1, 1, 0)×(0, 0, 0, 0)","(1, 1, 0)","(0, 0, 0, 0)",-365.7864412384813,-361.92278997303265,68600.74789549065,80197.39857140422,2.147562873559408,success,
LPMAUYN,M4 / monetary aggregate,"sarima_(1, 1, 1)_(0, 0, 0, 0)",SARIMA,"SARIMA(1, 1, 1)×(0, 0, 0, 0)","(1, 1, 1)","(0, 0, 0, 0)",-356.3388699222892,-350.60280090600475,68795.2538231846,80379.17660676019,2.153741572315029,success,
LPMAUYN,M4 / monetary aggregate,"sarima_(0, 1, 1)_(0, 0, 0, 0)",SARIMA,"SARIMA(0, 1, 1)×(0, 0, 0, 0)","(0, 1, 1)","(0, 0, 0, 0)",-358.22726953842044,-354.40322352756414,68868.05618883685,80431.67706269513,2.1560543978405025,success,
LPMAUYN,M4 / monetary aggregate,"sarima_(2, 1, 0)_(0, 0, 0, 0)",SARIMA,"SARIMA(2, 1, 0)×(0, 0, 0, 0)","(2, 1, 0)","(0, 0, 0, 0)",-356.2795049141498,-350.5434358978654,69145.15225677569,80693.04541348552,2.164857531117859,success,
LPMAUYN,M4 / monetary aggregate,"sarima_(0, 1, 2)_(0, 0, 0, 0)",SARIMA,"SARIMA(0, 1, 2)×(0, 0, 0, 0)","(0, 1, 2)","(0, 0, 0, 0)",-348.52081686739206,-342.8453559730602,69192.32299899896,80732.1506768038,2.1663562159409384,success,
LPMAUYN,M4 / monetary aggregate,"sarima_(0, 1, 0)_(0, 0, 0, 0)",SARIMA,"SARIMA(0, 1, 0)×(0, 0, 0, 0)","(0, 1, 0)","(0, 0, 0, 0)",-367.3783179607196,-365.44649232799526,69521.66666666947,80992.02212564141,2.176820601066218,success,
LPMAUYN,M4 / monetary aggregate,naive,Naive,Naïve,,,,,69521.66666666947,80992.02212564141,2.176820601066218,success,
LPMAUYN,M4 / monetary aggregate,"sarima_(1, 1, 0)_(1, 0, 0, 12)",SARIMA,"SARIMA(1, 1, 0)×(1, 0, 0, 12)","(1, 1, 0)","(1, 0, 0, 12)",-276.91228507040177,-271.9216001320128,83020.60147251289,96064.95080143822,2.606883701290673,success,
LPMAUYN,M4 / monetary aggregate,seasonal_naive,Seasonal naive,Seasonal naïve (m=12),,,,,114930.83333333333,116211.31368617564,3.6352140644778057,success,
IUDBEDR,Official Bank Rate,"sarima_(0, 1, 0)_(0, 0, 0, 0)",SARIMA,"SARIMA(0, 1, 0)×(0, 0, 0, 0)","(0, 1, 0)","(0, 0, 0, 0)",-4879.287767811471,-4874.03147057178,0.0,0.0,0.0,success,
IUDBEDR,Official Bank Rate,"sarima_(1, 1, 0)_(0, 0, 0, 0)",SARIMA,"SARIMA(1, 1, 0)×(0, 0, 0, 0)","(1, 1, 0)","(0, 0, 0, 0)",-4877.28779907447,-4866.775204595088,0.0,0.0,0.0,success,
IUDBEDR,Official Bank Rate,"sarima_(0, 1, 1)_(0, 0, 0, 0)",SARIMA,"SARIMA(0, 1, 1)×(0, 0, 0, 0)","(0, 1, 1)","(0, 0, 0, 0)",-4872.843333400961,-4862.332150852453,0.0,0.0,0.0,success,
IUDBEDR,Official Bank Rate,"sarima_(2, 1, 0)_(0, 0, 0, 0)",SARIMA,"SARIMA(2, 1, 0)×(0, 0, 0, 0)","(2, 1, 0)","(0, 0, 0, 0)",-4870.843347640869,-4855.076573818108,0.0,0.0,0.0,success,
IUDBEDR,Official Bank Rate,"sarima_(1, 1, 1)_(0, 0, 0, 0)",SARIMA,"SARIMA(1, 1, 1)×(0, 0, 0, 0)","(1, 1, 1)","(0, 0, 0, 0)",-4870.84333333998,-4855.076559517219,0.0,0.0,0.0,success,
IUDBEDR,Official Bank Rate,"sarima_(0, 1, 2)_(0, 0, 0, 0)",SARIMA,"SARIMA(0, 1, 2)×(0, 0, 0, 0)","(0, 1, 2)","(0, 0, 0, 0)",-4866.399602354937,-4850.634947924705,0.0,0.0,0.0,success,
IUDBEDR,Official Bank Rate,naive,Naive,Naïve,,,,,0.0,0.0,0.0,success,
IUDBEDR,Official Bank Rate,seasonal_naive,Seasonal naive,Seasonal naïve (m=5),,,,,0.0,0.0,0.0,success,
IUDBEDR,Official Bank Rate,holt_damped,Holt,Holt damped trend,,,-8924.530738898742,-8898.242200512941,0.00855452899840894,0.009734107464899945,0.22845823006794724,success,
IUDBEDR,Official Bank Rate,ets_seasonal,ETS seasonal,Seasonal ETS (m=5),,,-8969.447250592531,-8916.870173820931,0.009085141453598237,0.010248695052565935,0.2426443149888526,success,
IUDBEDR,Official Bank Rate,drift,Drift,Drift,,,,,0.03989774330042314,0.04569690353229495,1.0565728765506492,success,
IUDSOIA,SONIA,"sarima_(0, 1, 1)_(0, 0, 0, 0)",SARIMA,"SARIMA(0, 1, 1)×(0, 0, 0, 0)","(0, 1, 1)","(0, 0, 0, 0)",-4885.963162048911,-4875.453392428756,0.0007937136281442362,0.0009361218474009229,0.02127874748895222,success,
IUDSOIA,SONIA,"sarima_(1, 1, 0)_(0, 0, 0, 0)",SARIMA,"SARIMA(1, 1, 0)×(0, 0, 0, 0)","(1, 1, 0)","(0, 0, 0, 0)",-4890.4192906424805,-4879.908108093973,0.0007937144981686739,0.0009361228005264087,0.02127877081646578,success,
IUDSOIA,SONIA,"sarima_(0, 1, 2)_(0, 0, 0, 0)",SARIMA,"SARIMA(0, 1, 2)×(0, 0, 0, 0)","(0, 1, 2)","(0, 0, 0, 0)",-4879.507878848547,-4863.7453453091775,0.0007937852738612694,0.000936208165549287,0.02128066848844669,success,
IUDSOIA,SONIA,"sarima_(2, 1, 0)_(0, 0, 0, 0)",SARIMA,"SARIMA(2, 1, 0)×(0, 0, 0, 0)","(2, 1, 0)","(0, 0, 0, 0)",-4883.963280353246,-4868.198625923013,0.0007937863235693676,0.0009362095094489311,0.02128069663372534,success,
IUDSOIA,SONIA,"sarima_(1, 1, 1)_(0, 0, 0, 0)",SARIMA,"SARIMA(1, 1, 1)×(0, 0, 0, 0)","(1, 1, 1)","(0, 0, 0, 0)",-4883.963170831842,-4868.19851640161,0.000793796406099719,0.0009362227562690478,0.02128096697137332,success,
IUDSOIA,SONIA,"sarima_(0, 1, 0)_(0, 0, 0, 0)",SARIMA,"SARIMA(0, 1, 0)×(0, 0, 0, 0)","(0, 1, 0)","(0, 0, 0, 0)",-4892.410234691039,-4887.154643416785,0.0007966666666666604,0.0009400354603240481,0.021357925844050885,success,
IUDSOIA,SONIA,naive,Naive,Naïve,,,,,0.0007966666666666604,0.0009400354603240481,0.021357925844050885,success,
IUDSOIA,SONIA,seasonal_naive,Seasonal naive,Seasonal naïve (m=5),,,,,0.0013233333333332541,0.001776044293741851,0.03548279264608299,success,
IUDSOIA,SONIA,holt_damped,Holt,Holt damped trend,,,-8934.80472999858,-8908.519716463119,0.008930386903971528,0.010175261833154424,0.23976704881472793,success,
IUDSOIA,SONIA,ets_seasonal,ETS seasonal,Seasonal ETS (m=5),,,-8979.2309647188,-8926.66093764788,0.013160984436077723,0.014206555264064957,0.35353820476383657,success,
IUDSOIA,SONIA,drift,Drift,Drift,,,,,0.03968932015996247,0.04546305891630438,1.0565875042930524,success,
IUMBV34,2-year fixed mortgage rate,"sarima_(1, 1, 0)_(1, 0, 0, 12)",SARIMA,"SARIMA(1, 1, 0)×(1, 0, 0, 12)","(1, 1, 0)","(1, 0, 0, 12)",40.37337434506778,45.44001270740959,0.33800698035028737,0.3908674767512646,7.68644624261881,success,
IUMBV34,2-year fixed mortgage rate,"sarima_(1, 1, 0)_(0, 0, 0, 0)",SARIMA,"SARIMA(1, 1, 0)×(0, 0, 0, 0)","(1, 1, 0)","(0, 0, 0, 0)",35.80919518094682,39.71168261810968,0.3381414760124491,0.3909288975580137,7.689539497923902,success,
IUMBV34,2-year fixed mortgage rate,"sarima_(1, 1, 1)_(0, 0, 0, 0)",SARIMA,"SARIMA(1, 1, 1)×(0, 0, 0, 0)","(1, 1, 1)","(0, 0, 0, 0)",28.67167248307319,34.467149381246166,0.3437472274361569,0.3933480254506344,7.818361032962198,success,
IUMBV34,2-year fixed mortgage rate,"sarima_(0, 1, 2)_(0, 0, 0, 0)",SARIMA,"SARIMA(0, 1, 2)×(0, 0, 0, 0)","(0, 1, 2)","(0, 0, 0, 0)",29.92154796951137,35.657616985795805,0.34676377883514053,0.3942925947897134,7.887503824566058,success,
IUMBV34,2-year fixed mortgage rate,"sarima_(0, 1, 0)_(0, 0, 0, 0)",SARIMA,"SARIMA(0, 1, 0)×(0, 0, 0, 0)","(0, 1, 0)","(0, 0, 0, 0)",44.65170409944992,46.60294781803135,0.3175,0.3951687403291576,7.209750064462228,success,
IUMBV34,2-year fixed mortgage rate,naive,Naive,Naïve,,,,,0.3175,0.3951687403291576,7.209750064462228,success,
IUMBV34,2-year fixed mortgage rate,holt_damped,Holt,Holt damped trend,,,-106.44211652443533,-96.49719629161396,0.3165554588784882,0.39728123823838263,7.187451871523489,success,
IUMBV34,2-year fixed mortgage rate,"sarima_(2, 1, 0)_(0, 0, 0, 0)",SARIMA,"SARIMA(2, 1, 0)×(0, 0, 0, 0)","(2, 1, 0)","(0, 0, 0, 0)",36.36652655945687,42.16200345762985,0.3565101135584651,0.39823125255632674,8.109897725436767,success,Maximum Likelihood optimization failed to converge. Check mle_retvals
IUMBV34,2-year fixed mortgage rate,drift,Drift,Drift,,,,,0.3440408805031448,0.40406951845521644,7.857165116914817,success,
IUMBV34,2-year fixed mortgage rate,"sarima_(0, 1, 1)_(0, 0, 1, 12)",SARIMA,"SARIMA(0, 1, 1)×(0, 0, 1, 12)","(0, 1, 1)","(0, 0, 1, 12)",34.17203377166676,39.1627187100557,0.3761312648398884,0.40952218379141553,8.553053589547712,success,
IUMBV34,2-year fixed mortgage rate,"sarima_(0, 1, 1)_(0, 0, 0, 0)",SARIMA,"SARIMA(0, 1, 1)×(0, 0, 0, 0)","(0, 1, 1)","(0, 0, 0, 0)",30.292229737780243,34.15588100322889,0.3842794267230378,0.4166996188596092,8.735175722048558,success,
IUMBV34,2-year fixed mortgage rate,ets_seasonal,ETS seasonal,Seasonal ETS (m=12),,,-88.09815868729578,-54.28542989570312,0.44764476236048883,0.49165497711207157,10.112999483519756,success,
IUMBV34,2-year fixed mortgage rate,seasonal_naive,Seasonal naive,Seasonal naïve (m=12),,,,,0.5525,0.592712690376487,12.416639713552215,success,
IUMBV34,2-year fixed mortgage rate,"sarima_(1, 1, 1)_(0, 1, 1, 12)",SARIMA,"SARIMA(1, 1, 1)×(0, 1, 1, 12)","(1, 1, 1)","(0, 1, 1, 12)",1145.4847697088032,1150.6681171728205,0.4882165870243967,0.7265388258145273,11.617709260777614,success,Maximum Likelihood optimization failed to converge. Check mle_retvals
IUMBV42,5-year fixed mortgage rate,holt_damped,Holt,Holt damped trend,,,-116.06822460850633,-106.12330437568495,0.2773417859425079,0.3294980379841641,6.378137436843186,success,
IUMBV42,5-year fixed mortgage rate,"sarima_(1, 1, 0)_(0, 0, 0, 0)",SARIMA,"SARIMA(1, 1, 0)×(0, 0, 0, 0)","(1, 1, 0)","(0, 0, 0, 0)",27.242421934332956,31.14490937149581,0.2882710742806753,0.33046705045335584,6.633600970985637,success,
IUMBV42,5-year fixed mortgage rate,"sarima_(1, 1, 0)_(1, 0, 0, 12)",SARIMA,"SARIMA(1, 1, 0)×(1, 0, 0, 12)","(1, 1, 0)","(1, 0, 0, 12)",33.54535221331409,38.6119905756559,0.28735100979667216,0.33057794113510436,6.612158461627133,success,
IUMBV42,5-year fixed mortgage rate,"sarima_(0, 1, 0)_(0, 0, 0, 0)",SARIMA,"SARIMA(0, 1, 0)×(0, 0, 0, 0)","(0, 1, 0)","(0, 0, 0, 0)",33.72778256457201,35.67902628315343,0.27583333333333326,0.3320767983464067,6.342492127870013,success,Maximum Likelihood optimization failed to converge. Check mle_retvals
IUMBV42,5-year fixed mortgage rate,naive,Naive,Naïve,,,,,0.27583333333333326,0.3320767983464067,6.342492127870013,success,
IUMBV42,5-year fixed mortgage rate,"sarima_(2, 1, 0)_(0, 0, 0, 0)",SARIMA,"SARIMA(2, 1, 0)×(0, 0, 0, 0)","(2, 1, 0)","(0, 0, 0, 0)",28.748766015107364,34.54424291328034,0.29286457649054165,0.3321249886370046,6.740351868970085,success,
IUMBV42,5-year fixed mortgage rate,"sarima_(1, 1, 1)_(0, 0, 0, 0)",SARIMA,"SARIMA(1, 1, 1)×(0, 0, 0, 0)","(1, 1, 1)","(0, 0, 0, 0)",27.993334235164262,33.78881113333724,0.29440570194616883,0.33248857229197837,6.776109109760058,success,
IUMBV42,5-year fixed mortgage rate,"sarima_(0, 1, 1)_(0, 0, 1, 12)",SARIMA,"SARIMA(0, 1, 1)×(0, 0, 1, 12)","(0, 1, 1)","(0, 0, 1, 12)",31.94328896183555,36.93397390022449,0.29059345867088926,0.3324944156136178,6.687521253701913,success,
IUMBV42,5-year fixed mortgage rate,"sarima_(0, 1, 1)_(0, 0, 0, 0)",SARIMA,"SARIMA(0, 1, 1)×(0, 0, 0, 0)","(0, 1, 1)","(0, 0, 0, 0)",26.036406718830573,29.900057984279226,0.2947132189477519,0.33250062925818186,6.783246330346778,success,
IUMBV42,5-year fixed mortgage rate,"sarima_(0, 1, 2)_(0, 0, 0, 0)",SARIMA,"SARIMA(0, 1, 2)×(0, 0, 0, 0)","(0, 1, 2)","(0, 0, 0, 0)",28.550391776898156,34.28646079318259,0.29449469070873485,0.3325085968733091,6.778173346351655,success,
IUMBV42,5-year fixed mortgage rate,drift,Drift,Drift,,,,,0.3166194968553457,0.3648004643397329,7.286447583245541,success,
IUMBV42,5-year fixed mortgage rate,seasonal_naive,Seasonal naive,Seasonal naïve (m=12),,,,,0.3291666666666667,0.3783627007691606,7.5809784674158935,success,
IUMBV42,5-year fixed mortgage rate,ets_seasonal,ETS seasonal,Seasonal ETS (m=12),,,-101.08536202671269,-67.27263323512003,0.37800534940346986,0.42044917475591914,8.643660021148508,success,
IUMBV42,5-year fixed mortgage rate,"sarima_(1, 1, 1)_(0, 1, 1, 12)",SARIMA,"SARIMA(1, 1, 1)×(0, 1, 1, 12)","(1, 1, 1)","(0, 1, 1, 12)",1079.0306494551755,1084.2139969191928,0.3534725276397759,0.48309150259131367,8.322171241217326,success,Maximum Likelihood optimization failed to converge. Check mle_retvals
LPMVZRI,Consumer credit,ets_seasonal,ETS seasonal,Seasonal ETS (m=12),,,-455.14837892090856,-426.8678309367046,1468.6195953822025,1689.2771146108223,0.28474315751985607,success,
LPMVZRI,Consumer credit,holt_damped,Holt,Holt damped trend,,,-461.96283201970635,-453.64502378905814,1639.9765292005468,1759.9950894635183,0.32073710810261086,success,
LPMVZRI,Consumer credit,"sarima_(1, 1, 1)_(0, 1, 1, 12)",SARIMA,"SARIMA(1, 1, 1)×(0, 1, 1, 12)","(1, 1, 1)","(0, 1, 1, 12)",-108.86961152322182,-106.92998492406981,1690.9497957252267,1995.8348320445511,0.3292097242665321,success,Too few observations to estimate starting parameters for seasonal ARMA. All parameters except for variances will be set to zeros. | Maximum Likelihood optimization failed to converge. Check mle_retvals
LPMVZRI,Consumer credit,"sarima_(1, 1, 0)_(1, 0, 0, 12)",SARIMA,"SARIMA(1, 1, 0)×(1, 0, 0, 12)","(1, 1, 0)","(1, 0, 0, 12)",-207.388848395269,-203.73222092066442,3077.984253417327,3866.827517353467,0.5911021315740767,success,Maximum Likelihood optimization failed to converge. Check mle_retvals
LPMVZRI,Consumer credit,drift,Drift,Drift,,,,,4811.637143601765,4929.124018768063,0.9430517814743977,success,
LPMVZRI,Consumer credit,"sarima_(2, 1, 0)_(0, 0, 0, 0)",SARIMA,"SARIMA(2, 1, 0)×(0, 0, 0, 0)","(2, 1, 0)","(0, 0, 0, 0)",-337.4290541406814,-332.67849732531306,3978.114232424792,5207.3349943556395,0.7602519038775455,success,Maximum Likelihood optimization failed to converge. Check mle_retvals
LPMVZRI,Consumer credit,"sarima_(1, 1, 0)_(0, 0, 0, 0)",SARIMA,"SARIMA(1, 1, 0)×(0, 0, 0, 0)","(1, 1, 0)","(0, 0, 0, 0)",-320.42572988074795,-317.2038940554595,4892.407698786546,5751.412630793748,0.951140023968066,success,
LPMVZRI,Consumer credit,"sarima_(1, 1, 1)_(0, 0, 0, 0)",SARIMA,"SARIMA(1, 1, 1)×(0, 0, 0, 0)","(1, 1, 1)","(0, 0, 0, 0)",-331.95732109084247,-327.20676427547414,4535.570051704742,6052.586509854895,0.8650319226685258,success,
LPMVZRI,Consumer credit,"sarima_(0, 1, 1)_(0, 0, 0, 0)",SARIMA,"SARIMA(0, 1, 1)×(0, 0, 0, 0)","(0, 1, 1)","(0, 0, 0, 0)",-272.7478096774158,-269.58077180050356,23262.32187746151,26342.628183813104,4.631352410190478,success,
LPMVZRI,Consumer credit,"sarima_(0, 1, 1)_(0, 0, 1, 12)",SARIMA,"SARIMA(0, 1, 1)×(0, 0, 1, 12)","(0, 1, 1)","(0, 0, 1, 12)",1144.6901103142484,1148.2242718052921,24966.167122346815,27858.71392008165,4.981277628798391,success,Maximum Likelihood optimization failed to converge. Check mle_retvals
LPMVZRI,Consumer credit,"sarima_(0, 1, 2)_(0, 0, 0, 0)",SARIMA,"SARIMA(0, 1, 2)×(0, 0, 0, 0)","(0, 1, 2)","(0, 0, 0, 0)",-284.272360896638,-279.60631671216976,25035.16531901805,27942.938712482748,4.995470716112544,success,
LPMVZRI,Consumer credit,"sarima_(0, 1, 0)_(0, 0, 0, 0)",SARIMA,"SARIMA(0, 1, 0)×(0, 0, 0, 0)","(0, 1, 0)","(0, 0, 0, 0)",-257.9986793332608,-256.3877614206166,26087.0,28867.45588894179,5.212120773217569,success,
LPMVZRI,Consumer credit,naive,Naive,Naïve,,,,,26087.0,28867.45588894179,5.212120773217569,success,
LPMVZRI,Consumer credit,seasonal_naive,Seasonal naive,Seasonal naïve (m=12),,,,,46866.83333333337,46876.28148114997,9.627364656085058,success,
XUDLUSS,GBP/USD,"sarima_(1, 1, 1)_(0, 0, 0, 0)",SARIMA,"SARIMA(1, 1, 1)×(0, 0, 0, 0)","(1, 1, 1)","(0, 0, 0, 0)",-10198.282902492716,-10182.516128669955,0.008053720886579149,0.009109207777268175,0.6040227765140652,success,
XUDLUSS,GBP/USD,"sarima_(0, 1, 2)_(0, 0, 0, 0)",SARIMA,"SARIMA(0, 1, 2)×(0, 0, 0, 0)","(0, 1, 2)","(0, 0, 0, 0)",-10191.981201190216,-10176.216546759984,0.008146190270894627,0.009173919539597359,0.6109578431013513,success,
XUDLUSS,GBP/USD,"sarima_(2, 1, 0)_(0, 0, 0, 0)",SARIMA,"SARIMA(2, 1, 0)×(0, 0, 0, 0)","(2, 1, 0)","(0, 0, 0, 0)",-10199.990641374941,-10184.22386755218,0.008156818883056135,0.009178467746706451,0.611755123975129,success,
XUDLUSS,GBP/USD,"sarima_(0, 1, 1)_(0, 0, 0, 0)",SARIMA,"SARIMA(0, 1, 1)×(0, 0, 0, 0)","(0, 1, 1)","(0, 0, 0, 0)",-10199.996781787393,-10189.485599238886,0.008213186320806165,0.00920815692845962,0.6159838094368195,success,
XUDLUSS,GBP/USD,holt_damped,Holt,Holt damped trend,,,-14245.561967285917,-14219.273428900116,0.008214388528692947,0.009208903550262014,0.6160740074707848,success,
XUDLUSS,GBP/USD,"sarima_(1, 1, 0)_(0, 0, 0, 0)",SARIMA,"SARIMA(1, 1, 0)×(0, 0, 0, 0)","(1, 1, 0)","(0, 0, 0, 0)",-10207.776602734039,-10197.264008254657,0.008215702136803553,0.009209719582960779,0.6161725638758838,success,
XUDLUSS,GBP/USD,"sarima_(0, 1, 0)_(0, 0, 0, 0)",SARIMA,"SARIMA(0, 1, 0)×(0, 0, 0, 0)","(0, 1, 0)","(0, 0, 0, 0)",-10209.73111721479,-10204.4748199751,0.008226666666666656,0.00921665159733548,0.6169952164209962,success,
XUDLUSS,GBP/USD,naive,Naive,Naïve,,,,,0.008226666666666656,0.00921665159733548,0.6169952164209962,success,
XUDLUSS,GBP/USD,ets_seasonal,ETS seasonal,Seasonal ETS (m=5),,,-14240.152853063106,-14187.575776291505,0.008276820437499081,0.009246042710759631,0.6207589992195556,success,
XUDLUSS,GBP/USD,drift,Drift,Drift,,,,,0.008353523742360114,0.009330747921459033,0.6265148697024283,success,
XUDLUSS,GBP/USD,seasonal_naive,Seasonal naive,Seasonal naïve (m=5),,,,,0.007700000000000018,0.010003932560081913,0.5774459220097943,success,
XUDLERS,GBP/EUR,"sarima_(0, 0, 2)_(0, 0, 0, 0)",SARIMA,"SARIMA(0, 0, 2)×(0, 0, 0, 0)","(0, 0, 2)","(0, 0, 0, 0)",-9524.092680344613,-9503.070315247598,0.00683117276810304,0.007575240788589891,0.5858371301747439,success,
XUDLERS,GBP/EUR,"sarima_(0, 0, 1)_(0, 0, 0, 0)",SARIMA,"SARIMA(0, 0, 1)×(0, 0, 0, 0)","(0, 0, 1)","(0, 0, 0, 0)",-8583.10724375029,-8567.338352031218,0.006998144602640048,0.007694917605539924,0.6001715949656586,success,
XUDLERS,GBP/EUR,"sarima_(0, 0, 0)_(0, 0, 0, 0)",SARIMA,"SARIMA(0, 0, 0)×(0, 0, 0, 0)","(0, 0, 0)","(0, 0, 0, 0)",-6990.155013842679,-6979.641008428495,0.00712374190684281,0.007778852072765405,0.6109605646009694,success,
XUDLERS,GBP/EUR,"sarima_(1, 0, 1)_(0, 0, 0, 0)",SARIMA,"SARIMA(1, 0, 1)×(0, 0, 0, 0)","(1, 0, 1)","(0, 0, 0, 0)",-11682.956619443346,-11661.931430484583,0.007071056557248445,0.008970464613840387,0.606275343003164,success,
XUDLERS,GBP/EUR,"sarima_(1, 0, 0)_(0, 0, 0, 0)",SARIMA,"SARIMA(1, 0, 0)×(0, 0, 0, 0)","(1, 0, 0)","(0, 0, 0, 0)",-11692.972173814374,-11677.201165693099,0.007125574182617759,0.009025339955349255,0.6109723789144188,success,
XUDLERS,GBP/EUR,"sarima_(2, 0, 0)_(0, 0, 0, 0)",SARIMA,"SARIMA(2, 0, 0)×(0, 0, 0, 0)","(2, 0, 0)","(0, 0, 0, 0)",-11682.974738074485,-11661.949549115721,0.007156268483549829,0.009068171962203869,0.6136154840931465,success,
XUDLERS,GBP/EUR,seasonal_naive,Seasonal naive,Seasonal naïve (m=5),,,,,0.00913333333333335,0.011340370364322328,0.7842009660421918,success,
XUDLERS,GBP/EUR,drift,Drift,Drift,,,,,0.00915072637517628,0.011379858612641633,0.7856551598299129,success,
XUDLERS,GBP/EUR,holt_damped,Holt,Holt damped trend,,,-15714.267341664116,-15687.978803278314,0.009564213014041024,0.011881539710549246,0.8213773168636327,success,
XUDLERS,GBP/EUR,naive,Naive,Naïve,,,,,0.009659999999999972,0.011980595422042498,0.8296554671027356,success,
XUDLERS,GBP/EUR,ets_seasonal,ETS seasonal,Seasonal ETS (m=5),,,-15712.516665286686,-15659.939588515086,0.009744554503062197,0.012065303097249166,0.8369647888319598,success,
